{
    "rmse": 0.4676343330283959,
    "mae": 0.4327370519620197,
    "r2": 0.12525170734189905
}