{
    "Precison": 0.6213592233009708,
    "Recall": 0.810126582278481,
    "F1_score": 0.7032967032967032
}