{
    "rmse": 0.2195385884584818,
    "mae": 0.17859349158662965,
    "r2": 0.8067438030485594
}