{
    "rmse": 0.22452695840081702,
    "mae": 0.18245927073749893,
    "r2": 0.7978616668789921
}