{
    "rmse": 0.467634333019312,
    "mae": 0.43273705195258877,
    "r2": 0.12525170737588343
}