{
    "rmse": 0.5674074545793306,
    "mae": 0.32195121951219513,
    "r2": -0.2878355225585383
}