{
    "Precison": 0.5631067961165048,
    "Recall": 0.8787878787878788,
    "F1_score": 0.6863905325443787
}